Entity Name,Count,Normalized Name,Similar Entities
Seller,116,Seller,[]
Buyer,107,Buyer,[]
Authority,22,Authority,[]
"Ship Masters, Agents",22,"Ship Masters, Agents","['Ship Masters, Ship Agents']"
General,21,General,[]
Vessel,21,Vessel,['Vessels']
Shipping Agent/Vessel,20,Shipping Agent/Vessel,[]
Port Master,16,Port Master,[]
Yangshan Port,13,Yangshan Port,[]
Vessel Operator (Departing),12,Vessel Operator (Departing),['Vessel Operator (Arriving)']
Port of Singapore,11,Port of Singapore,[]
Seafarers,10,Seafarers,['All Seafarers']
Digitalization Initiatives,8,Digitalization Initiatives,[]
Ships,8,Ships,['Ship']
Vessels,8,Vessels,['Vessel']
Blockchain Technology,8,Blockchain Technology,[]
Vessel (Arriving),7,Vessel (Arriving),[]
CUSTOMER,7,CUSTOMER,['Customer']
Single Hulled Tanker,6,Single Hulled Tanker,['Single-Hulled Tanker']
EPC User,6,EPC User,[]
General (Maritime Industry),6,General (Maritime Industry),[]
Importer,6,Importer,[]
Shipping Agent,6,Shipping Agent,"['Shipping Agency', 'Shipping Agent, RCT']"
Shipping Agent (for Container Vessel),6,Shipping Agent (for Container Vessel),['Shipping Agent (for Container Vessels)']
Shipper/Freight Forwarder,5,Shipper/Freight Forwarder,"['Shipper, Freight Forwarder', 'Shippers, Freight Forwarders', 'Shippers/Freight Forwarders']"
Shippers of Dangerous Goods,5,Shippers of Dangerous Goods,[]
ROT Services - Forklift,5,ROT Services - Forklift,[]
Port of Rotterdam,5,Port of Rotterdam,[]
Seagoing Container Vessel,5,Seagoing Container Vessel,[]
Crew Members,5,Crew Members,[]
Safety Self-Check Checklist,5,Safety Self-Check Checklist,[]
Port-Based BWT vs Shipboard Systems,5,Port-Based BWT vs Shipboard Systems,[]
Port Users,5,Port Users,['Port User']
Hazardous Cargo Shippers,4,Hazardous Cargo Shippers,[]
Intelligent Production Control System,4,Intelligent Production Control System,['Intelligent Production Management Control System']
Companies Violating Chemical Ban,4,Companies Violating Chemical Ban,[]
Vessels Operating at Yangshan,4,Vessels Operating at Yangshan,[]
FOB,4,FOB,[]
Empty Container Logistics,4,Empty Container Logistics,[]
ROT Services - Portal Crane,4,ROT Services - Portal Crane,['ROT Services - Mobile Crane']
"Shipper, Freight Forwarder",4,"Shipper, Freight Forwarder","['Shipper/Freight Forwarder', 'Shippers, Freight Forwarders', 'Shippers/Freight Forwarders']"
High-Risk Vessels,4,High-Risk Vessels,[]
Port State Control Officers,4,Port State Control Officers,[]
Customer,4,Customer,['CUSTOMER']
ROT Services,4,ROT Services,[]
Client,4,Client,[]
Trader/Business,4,Trader/Business,[]
Regulations on International Maritime Transportation,3,Regulations on International Maritime Transportation,['International Maritime Transportation']
Cabotage Pilot Program,3,Cabotage Pilot Program,[]
Vessel Operators,3,Vessel Operators,"['Vessel Operations', 'Vessel Operator']"
Customs Clearance Process,3,Customs Clearance Process,"['Customs Clearance, Importer']"
Shanghai Port Connectivity,3,Shanghai Port Connectivity,[]
Declarants,3,Declarants,['Declarant']
Haulage Company,3,Haulage Company,[]
Port Operations,3,Port Operations,[]
Vessel (First Call),3,Vessel (First Call),[]
Yangshan Port Development,3,Yangshan Port Development,[]
Containerized Cargo (Import),3,Containerized Cargo (Import),['Containerized Cargo (Import/Export)']
Regional Cooperation Framework,3,Regional Cooperation Framework,[]
Carrier,3,Carrier,[]
Regulatory Environment,3,Regulatory Environment,[]
Vessels in Yangshan Port,3,Vessels in Yangshan Port,"['Vessels Entering Yangshan Port', 'Vessels Navigating Yangshan Port']"
Vessels with Machinery Failures,3,Vessels with Machinery Failures,[]
Safety Self-Check,3,Safety Self-Check,[]
Trucker,3,Trucker,[]
Customs Authorities,3,Customs Authorities,[]
Container Transhipment Operation,3,Container Transhipment Operation,[]
ROT Services - Front Loader,3,ROT Services - Front Loader,['ROT Services - Other']
CFR,3,CFR,[]
CIF,3,CIF,[]
Vessel/Agent,3,Vessel/Agent,['Vessel Agent']
Port Authorities,3,Port Authorities,"['Ships, Port Authorities']"
Ships Arriving at Port,3,Ships Arriving at Port,[]
Customs Administrations,3,Customs Administrations,"['Customs Administrations, AEOs']"
"Shippers, Cargo Declarers",3,"Shippers, Cargo Declarers",[]
ROT Services - Mobile Crane,3,ROT Services - Mobile Crane,['ROT Services - Portal Crane']
DPU,3,DPU,[]
Eurogeul Channel,3,Eurogeul Channel,[]
CPT,3,CPT,[]
Businesses Importing to EU,2,Businesses Importing to EU,[]
"Port Authorities, Shipping Industry",2,"Port Authorities, Shipping Industry",[]
Cargo Declarers,2,Cargo Declarers,['Cargo Declarers for DG']
Issuer of Receiving Note/Quay Order (Export Container),2,Issuer of Receiving Note/Quay Order (Export Container),[]
Recipient (Import Container),2,Recipient (Import Container),[]
Ships Arriving and Departing Ports,2,Ships Arriving and Departing Ports,[]
Customer (Transhipment Container),2,Customer (Transhipment Container),[]
Customer (Container Subject to Customs Inspection),2,Customer (Container Subject to Customs Inspection),[]
"Logistics Professionals, Legal Teams",2,"Logistics Professionals, Legal Teams",[]
Client (Shipping OOG Containers),2,Client (Shipping OOG Containers),[]
"Ships, Port Authorities, Immigration",2,"Ships, Port Authorities, Immigration",[]
Ship Masters,2,Ship Masters,[]
Automation Benefits,2,Automation Benefits,[]
CIP,2,CIP,[]
Vessels with Non-Compliant Equipment,2,Vessels with Non-Compliant Equipment,[]
Defect Reporting System,2,Defect Reporting System,[]
Shanghai MSA,2,Shanghai MSA,[]
Chinese Ports,2,Chinese Ports,[]
Blockchain Cargo Release System,2,Blockchain Cargo Release System,[]
DAP,2,DAP,[]
International Transshipment Volume,2,International Transshipment Volume,[]
Consignees/Agents of Hazardous Chemicals,2,Consignees/Agents of Hazardous Chemicals,[]
Yangshan Port Automation,2,Yangshan Port Automation,['Yangshan Port Operations']
FAS,2,FAS,[]
FCA,2,FCA,[]
Ship Pollution Prevention and Control,2,Ship Pollution Prevention and Control,[]
EXW,2,EXW,[]
Ships at Yangshan Port,2,Ships at Yangshan Port,[]
Bunker Company,2,Bunker Company,[]
Port-Based BWT Facilities,2,Port-Based BWT Facilities,[]
Seagoing Vessel,2,Seagoing Vessel,[]
Containerized Cargo (Import/Export),2,Containerized Cargo (Import/Export),['Containerized Cargo (Import)']
"Ships, Port Authorities, Customs",2,"Ships, Port Authorities, Customs","['Ships, Port Authorities']"
"Terminal Operators, Stevedores",2,"Terminal Operators, Stevedores","['Carriers, Terminal Operators, Stevedores']"
"Trucker, RCT Gate",2,"Trucker, RCT Gate","['Trucker, BCT Gate', 'Trucker, RCT Gate Access']"
Pilot,2,Pilot,[]
"CUSTOMER, Ship Master, Shipping Agent",2,"CUSTOMER, Ship Master, Shipping Agent",[]
"Vessel Master, Ship Agent",2,"Vessel Master, Ship Agent",[]
Vessel Operations,2,Vessel Operations,"['Vessel Operators', 'Vessel Operator']"
"Humanitarian Aid Organizations, Importer",2,"Humanitarian Aid Organizations, Importer",['Humanitarian Aid Organizations']
Vessel Suspected of Cable Damage,2,Vessel Suspected of Cable Damage,[]
Vessel Operator,2,Vessel Operator,"['Vessel Operators', 'Vessel Operations']"
Vessels Entering Yangshan Port,2,Vessels Entering Yangshan Port,"['Vessels in Yangshan Port', 'Vessels Navigating Yangshan Port']"
Laytime,2,Laytime,[]
Vessel Master,2,Vessel Master,['Vessel Masters']
Authority Employee,2,Authority Employee,[]
Vessel (in Pilotage District),2,Vessel (in Pilotage District),['Vessel (Moving within Pilotage District)']
Port of Riga,2,Port of Riga,[]
Port of Riga Container Terminals,2,Port of Riga Container Terminals,[]
"CUSTOMER, Ship",2,"CUSTOMER, Ship",[]
"Trucker, Gate Operations",2,"Trucker, Gate Operations","['Trucker, Crane Operator']"
"Terminal Operators, Yard Management",2,"Terminal Operators, Yard Management",[]
Shippers,2,Shippers,[]
Authorised Pilot,2,Authorised Pilot,['Unauthorized Pilot']
"Shippers, Consignees, Banks",2,"Shippers, Consignees, Banks","['Shippers, Consignees']"
"Vessels, Vessel Traffic Service Center",2,"Vessels, Vessel Traffic Service Center",[]
Shipping Agent (for Container Vessels),2,Shipping Agent (for Container Vessels),['Shipping Agent (for Container Vessel)']
Containerized Hazardous Goods Shipment (IMDG Class X),2,Containerized Hazardous Goods Shipment (IMDG Class X),[]
Port Authority - Environmental Compliance,2,Port Authority - Environmental Compliance,[]
Terminal Operator,2,Terminal Operator,[]
"Shippers, Consignees",2,"Shippers, Consignees","['Shippers, Consignees, Banks']"
Port of Shanghai,2,Port of Shanghai,[]
Every Vessel,2,Every Vessel,[]
Flag States,2,Flag States,[]
Customs/Trade,2,Customs/Trade,[]
"Ships, Port Authorities",2,"Ships, Port Authorities","['Port Authorities', 'Ships, Port Authorities, Customs', 'Ships, Port Health Authorities']"
"Ships, Ports",2,"Ships, Ports",[]
Port States,2,Port States,[]
Vessel Carrying Hazardous Cargo,2,Vessel Carrying Hazardous Cargo,['Vessels Carrying Dangerous Cargo']
Vessel Discharging Residues,2,Vessel Discharging Residues,[]
Shipping Agency,2,Shipping Agency,"['Shipping Agent', 'Shipping Agent, RCT']"
Court,2,Court,[]
DDP,2,DDP,[]
Vessels in Channels/Fairways,2,Vessels in Channels/Fairways,[]
Inland Vessels (Clean Engines),2,Inland Vessels (Clean Engines),[]
Intelligent Production Management Control System,2,Intelligent Production Management Control System,['Intelligent Production Control System']
International Shipping Operators,2,International Shipping Operators,['International Operators']
Tanker,2,Tanker,[]
Automated Container Terminal,2,Automated Container Terminal,[]
Nextlogic,2,Nextlogic,[]
All Vessels,2,All Vessels,[]
Yangshan Free Port Area,2,Yangshan Free Port Area,['Yangshan Free Port Status']
Parties Involved in Bunkering,2,Parties Involved in Bunkering,[]
Yangshan Port Operations,2,Yangshan Port Operations,"['Yangshan Port Automation', 'Yangshan Port Expansion', 'Yangshan Port Operational Model', 'Shanghai Port Operations']"
Municipal Executive,2,Municipal Executive,[]
International Operators,2,International Operators,['International Shipping Operators']
Marine Environment Protection Law,2,Marine Environment Protection Law,[]
Importer/Agent,2,Importer/Agent,[]
Container Storage,2,Container Storage,['Container Storage Cost']
Water-to-Water Transshipment,2,Water-to-Water Transshipment,['Water-to-Water Transshipment Ratio']
All Parties in Container Release,2,All Parties in Container Release,[]
Yangshan Port Facilities,1,Yangshan Port Facilities,[]
"Harbour Master, Freeport Authority, Vessels",1,"Harbour Master, Freeport Authority, Vessels",[]
International Maritime Transportation Business,1,International Maritime Transportation Business,['International Maritime Transportation']
"Harbour Master, Vessels",1,"Harbour Master, Vessels",[]
Latvian Customs (VID),1,Latvian Customs (VID),"['Importer, Latvian Customs (VID)']"
"CUSTOMER, ROT Services",1,"CUSTOMER, ROT Services",[]
Entry Summary Declaration (ENS),1,Entry Summary Declaration (ENS),[]
SAD Copy 1,1,SAD Copy 1,[]
ROT,1,ROT,[]
Single Administrative Document (SAD),1,Single Administrative Document (SAD),[]
Humanitarian Aid Organizations,1,Humanitarian Aid Organizations,"['Humanitarian Aid Organizations, Importer']"
International Maritime Transportation,1,International Maritime Transportation,"['Regulations on International Maritime Transportation', 'International Maritime Transportation Business']"
"CUSTOMER, Ship Master",1,"CUSTOMER, Ship Master",[]
"Logistics Professional, Shipping Agent",1,"Logistics Professional, Shipping Agent",['Logistics Professional (Cargo Agent)']
"Ship, Berth Usage",1,"Ship, Berth Usage",[]
Maritime Activities at Yangshan Port,1,Maritime Activities at Yangshan Port,['Maritime Operations at Yangshan Port']
Maritime Transport,1,Maritime Transport,[]
RCT,1,RCT,[]
Chassis Line,1,Chassis Line,[]
Contract of Carriage,1,Contract of Carriage,[]
Container Handling at Yangshan,1,Container Handling at Yangshan,[]
"Importer, Exporter, Customs Broker",1,"Importer, Exporter, Customs Broker","['Importer, Customs Broker']"
Ship,1,Ship,['Ships']
Inland Barge Operators,1,Inland Barge Operators,[]
"CUSTOMER, ROT",1,"CUSTOMER, ROT",[]
ROT Services - Customs Formalities,1,ROT Services - Customs Formalities,[]
"Trucker, Gate Attendant",1,"Trucker, Gate Attendant",[]
"Trucker, Crane Operator",1,"Trucker, Crane Operator","['Trucker, Gate Operations']"
"Trucker, Chassis",1,"Trucker, Chassis",[]
"Transit Procedure, Rail Transit",1,"Transit Procedure, Rail Transit",[]
Customs Guarantee,1,Customs Guarantee,[]
"Rail Transit, Railway Undertaking",1,"Rail Transit, Railway Undertaking",[]
Yangshan Port Expansion,1,Yangshan Port Expansion,['Yangshan Port Operations']
"CUSTOMER, Ship, Notice of Readiness (NOR)",1,"CUSTOMER, Ship, Notice of Readiness (NOR)",[]
"Shipping Agent, RCT",1,"Shipping Agent, RCT","['Shipping Agent', 'Shipping Agency']"
"CUSTOMER, ROT Services - Downtime",1,"CUSTOMER, ROT Services - Downtime",[]
ROT Services - Unforeseen Services,1,ROT Services - Unforeseen Services,[]
ROT Services - Other,1,ROT Services - Other,['ROT Services - Front Loader']
ROT Services - Ship Loading/Unloading,1,ROT Services - Ship Loading/Unloading,[]
"ROT Services, CUSTOMER",1,"ROT Services, CUSTOMER",[]
Transit Cargo,1,Transit Cargo,[]
"Importer, Latvian Customs (VID)",1,"Importer, Latvian Customs (VID)",['Latvian Customs (VID)']
"EU Businesses, Importers, Exporters",1,"EU Businesses, Importers, Exporters",[]
"Importer, Exporter",1,"Importer, Exporter","['Importer/Exporter', 'Importers/Exporters']"
"Customs Clearance, Importer",1,"Customs Clearance, Importer",['Customs Clearance Process']
"CUSTOMER, Waste Management",1,"CUSTOMER, Waste Management",[]
"Ship, Berth Usage Overtime",1,"Ship, Berth Usage Overtime",[]
"Equipment Interchange Receipt (EIR), Trucker",1,"Equipment Interchange Receipt (EIR), Trucker",[]
"Latvian Customs (VID), Transit Cargo",1,"Latvian Customs (VID), Transit Cargo",[]
Customs Transit Procedure,1,Customs Transit Procedure,[]
"RCT, CUSTOMER, Customs",1,"RCT, CUSTOMER, Customs",[]
"Laytime, Ship",1,"Laytime, Ship",[]
Freeport of Riga Authority (FPRA),1,Freeport of Riga Authority (FPRA),[]
Warship,1,Warship,[]
Transportation between Mainland China and HK/Macau,1,Transportation between Mainland China and HK/Macau,[]
Cargo to Northern Ports,1,Cargo to Northern Ports,[]
Dangerous Cargo Operators,1,Dangerous Cargo Operators,['Dangerous Cargoes']
Cargo Operators,1,Cargo Operators,['Cargo Owners/Operators']
Cargo Owners/Operators,1,Cargo Owners/Operators,['Cargo Operators']
Wharf/Dock Operators,1,Wharf/Dock Operators,[]
Dangerous Cargo Handling,1,Dangerous Cargo Handling,[]
Vessels Carrying Dangerous Cargo,1,Vessels Carrying Dangerous Cargo,"['Vessel Carrying Hazardous Cargo', 'Vessels Carrying Dangerous Bulk Goods']"
Harbour Craft Design & Equipment,1,Harbour Craft Design & Equipment,[]
Harbour Craft Crew,1,Harbour Craft Crew,['Harbour Craft']
Navigation Aid Operators,1,Navigation Aid Operators,[]
Pontoon/Mooring Operators,1,Pontoon/Mooring Operators,[]
Port Activities,1,Port Activities,['Port Facilities']
Harbour Craft Operators,1,Harbour Craft Operators,[]
Foreign Armed Forces,1,Foreign Armed Forces,[]
Private Mooring Operators,1,Private Mooring Operators,[]
Vessel from Non-Consular Country,1,Vessel from Non-Consular Country,[]
"Imports to Dalian, Tianjin, and Qingdao",1,"Imports to Dalian, Tianjin, and Qingdao",[]
Wharf,1,Wharf,[]
Vehicle,1,Vehicle,[]
Seaman,1,Seaman,[]
Regulations,1,Regulations,[]
Rates,1,Rates,[]
Public Licence,1,Public Licence,[]
Premises,1,Premises,[]
Port Services and Facilities,1,Port Services and Facilities,['Marine Services and Facilities']
Maritime Operations at Yangshan Port,1,Maritime Operations at Yangshan Port,['Maritime Activities at Yangshan Port']
Port Dues,1,Port Dues,['Port Users']
Port,1,Port,[]
Pilotage District,1,Pilotage District,[]
Import-Export Enterprises,1,Import-Export Enterprises,[]
Vessel Operator (Arriving),1,Vessel Operator (Arriving),['Vessel Operator (Departing)']
Authority Officer,1,Authority Officer,[]
Singapore Armed Forces Vessel,1,Singapore Armed Forces Vessel,[]
Vessel Class (Minister Exempted),1,Vessel Class (Minister Exempted),[]
Government Vessel (Non-Commercial),1,Government Vessel (Non-Commercial),[]
Green Award Certified Inland Vessels,1,Green Award Certified Inland Vessels,[]
Wharf/Premises Owner/Operator,1,Wharf/Premises Owner/Operator,[]
Vessel (Using Port),1,Vessel (Using Port),[]
Vessel (Calling at Port),1,Vessel (Calling at Port),[]
Vessel in Distress,1,Vessel in Distress,['Vessel in TSS']
Unauthorized Pilot,1,Unauthorized Pilot,['Authorised Pilot']
Wharf/Dock Owner,1,Wharf/Dock Owner,[]
Vessel Operator (Compulsory Pilotage),1,Vessel Operator (Compulsory Pilotage),[]
Vessel (Moving within Pilotage District),1,Vessel (Moving within Pilotage District),['Vessel (in Pilotage District)']
Shipping Industry in China,1,Shipping Industry in China,[]
Authority Liability,1,Authority Liability,[]
Foreign Shipping Lines,1,Foreign Shipping Lines,[]
Vessel Operator (Transit),1,Vessel Operator (Transit),[]
Maritime Transport Regulations,1,Maritime Transport Regulations,[]
Port Master/Authority Officer/Police,1,Port Master/Authority Officer/Police,[]
Vessel Operator (Fire Incident),1,Vessel Operator (Fire Incident),[]
High Court,1,High Court,[]
International Voyage Ships,1,International Voyage Ships,[]
Offender (Direction Disobedience),1,Offender (Direction Disobedience),[]
Shanghai International Shipping Center,1,Shanghai International Shipping Center,[]
Participating Vessels in Cabotage Pilot,1,Participating Vessels in Cabotage Pilot,[]
Vessel (Departing without Clearance),1,Vessel (Departing without Clearance),['Vessel Operator (Departing without Clearance)']
Vessel Operator (Departing without Clearance),1,Vessel Operator (Departing without Clearance),['Vessel (Departing without Clearance)']
Certain Vessels,1,Certain Vessels,"['Overtaking Vessel', 'Container Vessels']"
Cargo in Cabotage Pilot,1,Cargo in Cabotage Pilot,[]
Vessel (Departing),1,Vessel (Departing),[]
Non-Compliant Inland Vessels,1,Non-Compliant Inland Vessels,[]
"Vessel Traffic Service Center, VHF Channels",1,"Vessel Traffic Service Center, VHF Channels",[]
Inland Vessels (Clean Engines - Renewable Fuels),1,Inland Vessels (Clean Engines - Renewable Fuels),[]
Vessel in Petroleumhaven,1,Vessel in Petroleumhaven,['Persons in Petroleumhaven']
Sea-going Tanker (Outside Petroleumhaven),1,Sea-going Tanker (Outside Petroleumhaven),[]
"Ships, Crew Members, Customs",1,"Ships, Crew Members, Customs",[]
Bunker Operator,1,Bunker Operator,['Bunkering Operation']
Cargo Declarers for DG,1,Cargo Declarers for DG,['Cargo Declarers']
Bunker Permit Holder/Vessel,1,Bunker Permit Holder/Vessel,[]
Ships involved in International Trade,1,Ships involved in International Trade,[]
"Customs Authorities, Importers/Exporters",1,"Customs Authorities, Importers/Exporters",[]
Deep-Draught Vessels,1,Deep-Draught Vessels,['Deep-Draft Vessels']
Maritime Shipping,1,Maritime Shipping,[]
Personnel Preparing DGDs,1,Personnel Preparing DGDs,[]
"Shippers, DGD Preparers",1,"Shippers, DGD Preparers",[]
General (Shipping of Dangerous Goods),1,General (Shipping of Dangerous Goods),[]
"Shippers, Carriers, Port Authorities",1,"Shippers, Carriers, Port Authorities",[]
"Carriers, Terminal Operators, IT Systems",1,"Carriers, Terminal Operators, IT Systems","['Carriers, Terminal Operators, Stevedores', 'Carriers, Terminal Operators', 'Carriers, Terminal Operators, Shippers']"
"Shippers, Terminal Operators",1,"Shippers, Terminal Operators","['Carriers, Shippers, Terminal Operators', 'Carriers, Terminal Operators']"
Deep-Draught Vessels (Geulers/Channel Vessels),1,Deep-Draught Vessels (Geulers/Channel Vessels),[]
General (Shipping),1,General (Shipping),[]
"Carriers, Shipping Lines",1,"Carriers, Shipping Lines","['Carriers, Shippers']"
"Carriers, Shippers, Terminal Operators",1,"Carriers, Shippers, Terminal Operators","['Shippers, Terminal Operators', 'Carriers, Terminal Operators']"
"Carriers, Terminal Operators, Stevedores",1,"Carriers, Terminal Operators, Stevedores","['Terminal Operators, Stevedores', 'Carriers, Terminal Operators, IT Systems', 'Carriers, Terminal Operators', 'Carriers, Terminal Operators, Shippers']"
"Carriers, Terminal Operators",1,"Carriers, Terminal Operators","['Carriers, Terminal Operators, IT Systems', 'Shippers, Terminal Operators', 'Carriers, Shippers, Terminal Operators', 'Carriers, Terminal Operators, Stevedores', 'Carriers, Terminal Operators, Shippers']"
"Carriers, Terminal Operators, Shippers",1,"Carriers, Terminal Operators, Shippers","['Carriers, Terminal Operators, IT Systems', 'Carriers, Terminal Operators, Stevedores', 'Carriers, Terminal Operators']"
"Shippers, Freight Forwarders",1,"Shippers, Freight Forwarders","['Shipper/Freight Forwarder', 'Shipper, Freight Forwarder', 'Shippers/Freight Forwarders']"
"Specialized Petroleumhavens (Nijlhaven, Yukonhaven)",1,"Specialized Petroleumhavens (Nijlhaven, Yukonhaven)",[]
Port Call Stakeholders (Optional),1,Port Call Stakeholders (Optional),[]
Consignees,1,Consignees,[]
"Consignees, Banks, Traders",1,"Consignees, Banks, Traders",[]
Persons in Petroleumhaven,1,Persons in Petroleumhaven,['Vessel in Petroleumhaven']
"Crew Members, Shipping Companies",1,"Crew Members, Shipping Companies",[]
"Carriers, Shippers",1,"Carriers, Shippers","['Carriers, Shipping Lines']"
"Port Authorities, Ship Agents",1,"Port Authorities, Ship Agents",[]
Vessel Agent/Importer,1,Vessel Agent/Importer,[]
Port of Rotterdam Authority,1,Port of Rotterdam Authority,[]
Vessel > 300 GT,1,Vessel > 300 GT,[]
General Cargo Vessels (Container Ships),1,General Cargo Vessels (Container Ships),[]
Customs/Importer,1,Customs/Importer,[]
Dutch Customs,1,Dutch Customs,[]
Importer/Customs Broker,1,Importer/Customs Broker,"['Importer, Customs Broker']"
Importer/Exporter,1,Importer/Exporter,"['Importer, Exporter', 'Importers/Exporters']"
Seller/Buyer,1,Seller/Buyer,[]
Captain/Skipper,1,Captain/Skipper,[]
Captain/Operator/Agent (Sea-going Vessel),1,Captain/Operator/Agent (Sea-going Vessel),[]
"Ship Suppliers, Shipping Companies",1,"Ship Suppliers, Shipping Companies",[]
"Ship Masters, Authorized Officers",1,"Ship Masters, Authorized Officers",[]
"Port Authorities, Technology Providers",1,"Port Authorities, Technology Providers",[]
Ships with Passengers,1,Ships with Passengers,[]
Immigration and Security Authorities,1,Immigration and Security Authorities,[]
"Port Health Authorities, Ships",1,"Port Health Authorities, Ships",[]
"Global Shipping, Public Health Authorities",1,"Global Shipping, Public Health Authorities",[]
"Ship Masters, Ship Agents",1,"Ship Masters, Ship Agents","['Ship Masters, Agents', 'Ship Masters, Ship Surgeons']"
Moored Vessel,1,Moored Vessel,[]
"Ship Masters, Ship Surgeons",1,"Ship Masters, Ship Surgeons","['Ship Masters, Ship Agents']"
"Ship Masters, Health Authorities",1,"Ship Masters, Health Authorities","['Ships, Port Health Authorities']"
"Port Health Authorities, Public Health Organizations",1,"Port Health Authorities, Public Health Organizations",[]
"Ships, Port Health Authorities",1,"Ships, Port Health Authorities","['Ships, Port Authorities', 'Ship Masters, Health Authorities']"
Parties Conducting Activities on Sea-going Vessels,1,Parties Conducting Activities on Sea-going Vessels,[]
Waste Reception Facility,1,Waste Reception Facility,[]
Immigration Authorities,1,Immigration Authorities,[]
"Shippers, Carriers",1,"Shippers, Carriers",[]
"Shippers, Carriers, Consignees",1,"Shippers, Carriers, Consignees",[]
Inland Vessels (Clean Engines - NOx Reduction),1,Inland Vessels (Clean Engines - NOx Reduction),[]
Container Ships,1,Container Ships,[]
Carriers and Terminals,1,Carriers and Terminals,[]
Empty Container Logistics Optimization,1,Empty Container Logistics Optimization,[]
"Terminal Operators, Yard Management, Security Personnel",1,"Terminal Operators, Yard Management, Security Personnel",[]
"Terminal Operators, Truckers, Gate Operations",1,"Terminal Operators, Truckers, Gate Operations",[]
Port Cooperation Agreements,1,Port Cooperation Agreements,[]
"Terminal Tractors, Trailers",1,"Terminal Tractors, Trailers",[]
"RTG Cranes, Yard Cranes",1,"RTG Cranes, Yard Cranes",[]
Reach Stackers,1,Reach Stackers,[]
"Quay Cranes, STS Cranes",1,"Quay Cranes, STS Cranes",[]
"Export Container, Terminal Operator, Quay Cranes",1,"Export Container, Terminal Operator, Quay Cranes","['Export Container, Terminal Operator, Yard', 'Import Container, Terminal Operator, Yard Cranes', 'Import Container, Terminal Operator, Quay Cranes']"
"Export Container, Terminal Operator, Yard",1,"Export Container, Terminal Operator, Yard","['Export Container, Terminal Operator, Quay Cranes', 'Import Container, Terminal Operator, Yard Cranes', 'Import Container, Terminal Operator, Quay Cranes']"
"Export Container, Trucker, Terminal Gate",1,"Export Container, Trucker, Terminal Gate",[]
"Import Container, Importer, Customs Authorities",1,"Import Container, Importer, Customs Authorities",[]
"Import Container, Terminal Operator, Yard Cranes",1,"Import Container, Terminal Operator, Yard Cranes","['Export Container, Terminal Operator, Quay Cranes', 'Export Container, Terminal Operator, Yard', 'Import Container, Terminal Operator, Quay Cranes']"
"Import Container, Terminal Operator, Quay Cranes",1,"Import Container, Terminal Operator, Quay Cranes","['Export Container, Terminal Operator, Quay Cranes', 'Export Container, Terminal Operator, Yard', 'Import Container, Terminal Operator, Yard Cranes']"
Riga Universal Terminal (ROT) Gate,1,Riga Universal Terminal (ROT) Gate,['Riga Container Terminal (RCT) Gate']
"Trucker, BCT Gate",1,"Trucker, BCT Gate","['Trucker, RCT Gate']"
Baltic Container Terminal (BCT) Gate,1,Baltic Container Terminal (BCT) Gate,['Riga Container Terminal (RCT) Gate']
"Trucker, RCT Gate Access",1,"Trucker, RCT Gate Access","['Trucker, RCT Gate']"
Inland Vessels,1,Inland Vessels,[]
Riga Container Terminal (RCT) Gate,1,Riga Container Terminal (RCT) Gate,"['Riga Universal Terminal (ROT) Gate', 'Baltic Container Terminal (BCT) Gate']"
"Importer, Customs Broker",1,"Importer, Customs Broker","['Importer, Exporter, Customs Broker', 'Importer/Customs Broker']"
"Emergency Services, Berth Operator",1,"Emergency Services, Berth Operator",[]
"Excise Goods, Transit Cargo",1,"Excise Goods, Transit Cargo",[]
"Exporter, Cultural Objects",1,"Exporter, Cultural Objects",[]
"Importer, Food Products",1,"Importer, Food Products",[]
"Importer, Hazardous Goods",1,"Importer, Hazardous Goods",[]
Shippers/Freight Forwarders,1,Shippers/Freight Forwarders,"['Shipper/Freight Forwarder', 'Shipper, Freight Forwarder', 'Shippers, Freight Forwarders', 'Shippers/Forwarders']"
Port Call Stakeholders,1,Port Call Stakeholders,[]
"Every Vessel, Seafarers",1,"Every Vessel, Seafarers",[]
Shippers/Forwarders,1,Shippers/Forwarders,['Shippers/Freight Forwarders']
Overtaking Vessel,1,Overtaking Vessel,['Certain Vessels']
Vessels using Traffic Separation Schemes,1,Vessels using Traffic Separation Schemes,[]
Vessels in Narrow Channels,1,Vessels in Narrow Channels,[]
Power-driven Vessels,1,Power-driven Vessels,[]
Ship-to-Ship Transhipment Operations,1,Ship-to-Ship Transhipment Operations,['Ship-to-Ship Transhipment Berths']
Contracting Governments,1,Contracting Governments,[]
"Port Authorities, Governments",1,"Port Authorities, Governments",[]
Container Terminals,1,Container Terminals,[]
Logistics Professional (Seeking Tariff Info),1,Logistics Professional (Seeking Tariff Info),[]
"Developing Countries, WCO",1,"Developing Countries, WCO",[]
Customs Administrations (implementing Advance Data),1,Customs Administrations (implementing Advance Data),[]
"Businesses, Customs Administrations",1,"Businesses, Customs Administrations",[]
Businesses seeking AEO status,1,Businesses seeking AEO status,[]
"Customs Administrations, AEOs",1,"Customs Administrations, AEOs","['Customs Administrations', 'Customs Administrations, Businesses']"
Authorized Economic Operators (AEOs),1,Authorized Economic Operators (AEOs),[]
Container Storage Cost,1,Container Storage Cost,['Container Storage']
"Customs Administrations, Businesses",1,"Customs Administrations, Businesses","['Customs Administrations, AEOs']"
Shipowners,1,Shipowners,[]
"Ships (certain sizes, international voyages)",1,"Ships (certain sizes, international voyages)",[]
Ships carrying packaged harmful substances,1,Ships carrying packaged harmful substances,[]
Inland Container Shipping,1,Inland Container Shipping,[]
All Seafarers,1,All Seafarers,['Seafarers']
Seafarers with Certificates of Competency,1,Seafarers with Certificates of Competency,[]
Ship-to-Ship Transhipment Berths,1,Ship-to-Ship Transhipment Berths,['Ship-to-Ship Transhipment Operations']
Shipping Companies,1,Shipping Companies,[]
Port Facilities,1,Port Facilities,['Port Activities']
KING Berthing System Users,1,KING Berthing System Users,[]
Pilotage Committee,1,Pilotage Committee,[]
Member,1,Member,[]
Passenger,1,Passenger,[]
Vessel Navigation,1,Vessel Navigation,[]
Automated Cranes,1,Automated Cranes,['Automated Machines']
Automated Guided Vehicles (AGVs),1,Automated Guided Vehicles (AGVs),[]
Yangshan Port Capacity,1,Yangshan Port Capacity,[]
Automation Level at Yangshan Port,1,Automation Level at Yangshan Port,['Automation at Yangshan Port']
Automation at Yangshan Port,1,Automation at Yangshan Port,"['Automation Level at Yangshan Port', 'Transactions at Yangshan Port']"
Deep-Draft Vessels,1,Deep-Draft Vessels,['Deep-Draught Vessels']
Yangshan Port Success Factors,1,Yangshan Port Success Factors,[]
CPPI Ranking,1,CPPI Ranking,[]
Yangshan Port Performance Ranking,1,Yangshan Port Performance Ranking,[]
Yangshan Port Operational Efficiency,1,Yangshan Port Operational Efficiency,['Yangshan Port Operational Model']
Port-Based BWT Technology,1,Port-Based BWT Technology,[]
Cleaned Ballast Water,1,Cleaned Ballast Water,[]
Vessel Transit,1,Vessel Transit,[]
PACT System Rapid Treatment,1,PACT System Rapid Treatment,[]
Vessel Masters and Navigational Officers,1,Vessel Masters and Navigational Officers,[]
PACT System Performance,1,PACT System Performance,[]
PACT System Technology,1,PACT System Technology,[]
PACT System Certification,1,PACT System Certification,[]
PACT System Development,1,PACT System Development,[]
PACT Ballast Water Treatment System,1,PACT Ballast Water Treatment System,[]
Ballast Water Management Strategies,1,Ballast Water Management Strategies,[]
Port Reception Facilities,1,Port Reception Facilities,[]
Vessel Masters,1,Vessel Masters,['Vessel Master']
Yangshan Port Environmental Compliance,1,Yangshan Port Environmental Compliance,[]
Vessels Navigating in Poor Visibility,1,Vessels Navigating in Poor Visibility,[]
Regional Cooperation Mechanism,1,Regional Cooperation Mechanism,[]
Shanghai and Jiangsu Provinces,1,Shanghai and Jiangsu Provinces,[]
Ship Emergency Response,1,Ship Emergency Response,[]
Automated Equipment Operations,1,Automated Equipment Operations,[]
Vessels Carrying Dangerous Bulk Goods,1,Vessels Carrying Dangerous Bulk Goods,['Vessels Carrying Dangerous Cargo']
Owner (Vessel),1,Owner (Vessel),[]
TR02 System,1,TR02 System,[]
Businesses Needing EORI Number,1,Businesses Needing EORI Number,[]
Party Requesting Change of Depositary (Paper Fallback),1,Party Requesting Change of Depositary (Paper Fallback),['Party Requesting Change of Depositary']
Party Requesting Change of Depositary,1,Party Requesting Change of Depositary,['Party Requesting Change of Depositary (Paper Fallback)']
Client/Deliverer (Hazardous Cargo IMO Class 1 & 7),1,Client/Deliverer (Hazardous Cargo IMO Class 1 & 7),[]
Customer (Hazardous Cargo Shipper),1,Customer (Hazardous Cargo Shipper),[]
Vessels in Main Fairway and West of Huangzeyang,1,Vessels in Main Fairway and West of Huangzeyang,[]
Vessels West of Tangnaoshan to Jinshan,1,Vessels West of Tangnaoshan to Jinshan,[]
Vessels in Jiaxing Waters,1,Vessels in Jiaxing Waters,[]
Logistics Professional (Cargo Agent),1,Logistics Professional (Cargo Agent),"['Logistics Professional, Shipping Agent']"
Contractor Employees,1,Contractor Employees,[]
Contractor,1,Contractor,[]
Contractor & HHLA Coordinator,1,Contractor & HHLA Coordinator,[]
Truck Driver,1,Truck Driver,[]
Goods in Customs Sea Port,1,Goods in Customs Sea Port,[]
Automated Machines,1,Automated Machines,['Automated Cranes']
Client/Deliverer,1,Client/Deliverer,[]
Delivering Party,1,Delivering Party,[]
Vessel Duty Officers,1,Vessel Duty Officers,[]
Customer/Deliverer,1,Customer/Deliverer,[]
Vessels Transiting Yangshan Waters,1,Vessels Transiting Yangshan Waters,[]
Vessels Not Using Channels,1,Vessels Not Using Channels,[]
SOLAS VI/2 Compliance,1,SOLAS VI/2 Compliance,[]
Yangshan Port Efficiency Benchmarks,1,Yangshan Port Efficiency Benchmarks,[]
Yangshan Port Cybersecurity,1,Yangshan Port Cybersecurity,[]
Yangshan Port Emergency Response,1,Yangshan Port Emergency Response,[]
Yangshan Port Safety Systems,1,Yangshan Port Safety Systems,[]
Yangshan Port Operational Model,1,Yangshan Port Operational Model,"['Yangshan Port Operations', 'Yangshan Port Operational Efficiency']"
Human Personnel in Automated Operations,1,Human Personnel in Automated Operations,['Human Personnel in Automated Ports']
Ship Operations,1,Ship Operations,[]
Ship-Source Pollution,1,Ship-Source Pollution,[]
Various Port Stakeholders,1,Various Port Stakeholders,[]
Shanghai Port Operations,1,Shanghai Port Operations,['Yangshan Port Operations']
Port and Shipping Logistics,1,Port and Shipping Logistics,[]
Yangtze River Ports,1,Yangtze River Ports,[]
Shanghai Port Transshipment Strategy,1,Shanghai Port Transshipment Strategy,['Shanghai Port Transshipment Role']
Water-to-Water Transshipment Ratio,1,Water-to-Water Transshipment Ratio,['Water-to-Water Transshipment']
Shanghai Port Transshipment Role,1,Shanghai Port Transshipment Role,['Shanghai Port Transshipment Strategy']
High-Risk Vessel Operators,1,High-Risk Vessel Operators,[]
Yangshan Port Terminals,1,Yangshan Port Terminals,['Yangshan Port Operations']
Container Shipments Documentation List,1,Container Shipments Documentation List,[]
Container Shipments Customs Declaration,1,Container Shipments Customs Declaration,[]
Personal Items Customs Declaration,1,Personal Items Customs Declaration,[]
"Shipping Companies, Freight Forwarders, Cargo Owners",1,"Shipping Companies, Freight Forwarders, Cargo Owners",[]
Heavy Trucks,1,Heavy Trucks,[]
Relevant Authorities,1,Relevant Authorities,[]
International Trade Declarations,1,International Trade Declarations,[]
Shanghai Municipality Ship Pollution Regulations,1,Shanghai Municipality Ship Pollution Regulations,[]
Port Supervisory Authorities,1,Port Supervisory Authorities,[]
Transactions at Yangshan Port,1,Transactions at Yangshan Port,['Automation at Yangshan Port']
International Container Transport,1,International Container Transport,[]
Logistics Professionals,1,Logistics Professionals,['Logistics Professional']
Rescheduled PSC Inspection Initiative,1,Rescheduled PSC Inspection Initiative,['Rescheduled PSC Inspections']
Vessel Crews,1,Vessel Crews,[]
Vessels Berthing Early Morning,1,Vessels Berthing Early Morning,[]
Intermodal Rail Services,1,Intermodal Rail Services,[]
Intermodal Rail Throughput,1,Intermodal Rail Throughput,['Intermodal Rail Throughput Growth']
Unreported Non-Compliance,1,Unreported Non-Compliance,[]
Defect Reporting Requirement,1,Defect Reporting Requirement,[]
Intermodal Rail Throughput Growth,1,Intermodal Rail Throughput Growth,['Intermodal Rail Throughput']
Inland Container Terminal (ICT) Network,1,Inland Container Terminal (ICT) Network,[]
Shanghai Port Hinterland,1,Shanghai Port Hinterland,[]
Overall Supply Chain Network,1,Overall Supply Chain Network,[]
Port Collection and Distribution System,1,Port Collection and Distribution System,[]
Container Throughput Growth,1,Container Throughput Growth,[]
"Shipowners, Managers, Operators",1,"Shipowners, Managers, Operators",[]
Rescheduled PSC Inspections,1,Rescheduled PSC Inspections,['Rescheduled PSC Inspection Initiative']
Berthing Operations,1,Berthing Operations,['Bunkering Operation']
PSC Inspection Scheduling,1,PSC Inspection Scheduling,[]
PSC Boarding Inspections,1,PSC Boarding Inspections,[]
Vessel Operators Seeking Reporting Guidance,1,Vessel Operators Seeking Reporting Guidance,[]
Failure to Report Defects,1,Failure to Report Defects,[]
Defect Reporting Protocol,1,Defect Reporting Protocol,[]
Vessels Navigating Yangshan Port,1,Vessels Navigating Yangshan Port,"['Vessels in Yangshan Port', 'Vessels Entering Yangshan Port']"
Vessels Navigating Precautionary Area,1,Vessels Navigating Precautionary Area,[]
Vessels Calling at Shanghai Ports,1,Vessels Calling at Shanghai Ports,[]
Vessel Safety Verification,1,Vessel Safety Verification,[]
Penalties for Chemical Ban Violations,1,Penalties for Chemical Ban Violations,[]
Individuals Responsible for Chemical Ban Violations,1,Individuals Responsible for Chemical Ban Violations,[]
Machinery Failure Written Reports,1,Machinery Failure Written Reports,[]
Transportation of Prohibited Chemicals,1,Transportation of Prohibited Chemicals,[]
Prohibition on Chemical Transportation,1,Prohibition on Chemical Transportation,[]
Transportation of Highly Toxic/Dangerous Chemicals,1,Transportation of Highly Toxic/Dangerous Chemicals,[]
Advance Notification System,1,Advance Notification System,[]
Machinery Failures Posing Safety Risks,1,Machinery Failures Posing Safety Risks,[]
Dangerous Goods Declaration Form,1,Dangerous Goods Declaration Form,[]
Hazardous Chemical Shipments,1,Hazardous Chemical Shipments,[]
IMDG Code Chemicals,1,IMDG Code Chemicals,[]
Catalog of Hazardous Chemicals (2015),1,Catalog of Hazardous Chemicals (2015),[]
Hazardous Chemical Containers,1,Hazardous Chemical Containers,[]
Shanghai International Port Group (SIPG),1,Shanghai International Port Group (SIPG),[]
Hazardous Chemical Handling,1,Hazardous Chemical Handling,[]
"Logistics Planners, Haulage Companies",1,"Logistics Planners, Haulage Companies",[]
Customer (Requesting After-Hours Service),1,Customer (Requesting After-Hours Service),[]
Customer (Reefer Container User),1,Customer (Reefer Container User),['Client (Reefer Container User)']
Customs Compliance,1,Customs Compliance,[]
Vessel Approaching from West,1,Vessel Approaching from West,['Vessel Approaching from East']
Vessel in TSS,1,Vessel in TSS,['Vessel in Distress']
Vessel Approaching from East,1,Vessel Approaching from East,['Vessel Approaching from West']
Cargo Movement Efficiency,1,Cargo Movement Efficiency,[]
Vessel with Oil Residues,1,Vessel with Oil Residues,[]
Administrative Processes at Yangshan,1,Administrative Processes at Yangshan,[]
International Trade,1,International Trade,[]
Hinterland Connections,1,Hinterland Connections,[]
Port Automation,1,Port Automation,[]
Digitalization,1,Digitalization,[]
Yangshan Port Transshipment Business,1,Yangshan Port Transshipment Business,[]
Yangshan Port Transshipment Volume in 2024,1,Yangshan Port Transshipment Volume in 2024,[]
International Stakeholders,1,International Stakeholders,[]
Shipping Costs,1,Shipping Costs,[]
Belgian Customs,1,Belgian Customs,[]
Logistics Operations,1,Logistics Operations,[]
Customs,1,Customs,[]
Goods in Bonded Zone,1,Goods in Bonded Zone,[]
Logistical Efficiency,1,Logistical Efficiency,[]
Export Shipment,1,Export Shipment,['Import Shipment']
Import Shipment,1,Import Shipment,['Export Shipment']
Single-Hulled Tanker,1,Single-Hulled Tanker,['Single Hulled Tanker']
Future Ports,1,Future Ports,[]
Manual Labor in Ports,1,Manual Labor in Ports,[]
Human Personnel in Automated Ports,1,Human Personnel in Automated Ports,['Human Personnel in Automated Operations']
Future Regulations,1,Future Regulations,[]
Importers/Exporters,1,Importers/Exporters,"['Importer, Exporter', 'Importer/Exporter']"
Importer/Agent (Empty Containers),1,Importer/Agent (Empty Containers),[]
Passenger Vessel,1,Passenger Vessel,[]
Vessel with Height Change,1,Vessel with Height Change,[]
Vessel (First Call/Changed Certificates),1,Vessel (First Call/Changed Certificates),[]
MPA,1,MPA,[]
Safety Self-Check Requirement,1,Safety Self-Check Requirement,[]
Master,1,Master,[]
Marine Services and Facilities,1,Marine Services and Facilities,['Port Services and Facilities']
Lighthouse,1,Lighthouse,[]
Harbour Craft,1,Harbour Craft,['Harbour Craft Crew']
Goods,1,Goods,[]
Equipment,1,Equipment,[]
Dues,1,Dues,[]
Dock,1,Dock,[]
Director of Marine,1,Director of Marine,[]
Deputy Chairperson,1,Deputy Chairperson,[]
Dangerous Cargoes,1,Dangerous Cargoes,['Dangerous Cargo Operators']
Container,1,Container,[]
Chief Executive,1,Chief Executive,[]
Chairperson,1,Chairperson,[]
Buoy,1,Buoy,[]
Berthing Master,1,Berthing Master,[]
Beacon,1,Beacon,[]
Yangshan Free Port Status,1,Yangshan Free Port Status,['Yangshan Free Port Area']
Appointed Officer,1,Appointed Officer,[]
Yangshan Free Port Policies,1,Yangshan Free Port Policies,[]
Yangshan Port Competitiveness,1,Yangshan Port Competitiveness,[]
Vessel of Charged Owner/Master,1,Vessel of Charged Owner/Master,[]
Non-Compliant Owner/Master Vessel,1,Non-Compliant Owner/Master Vessel,[]
Detained Vessel,1,Detained Vessel,[]
Arrested Vessel,1,Arrested Vessel,[]
Port User,1,Port User,['Port Users']
Trader at Exit,1,Trader at Exit,[]
International Participation in Shipping,1,International Participation in Shipping,[]
Client (Reefer Container User),1,Client (Reefer Container User),['Customer (Reefer Container User)']
German Customs,1,German Customs,[]
Declarant,1,Declarant,['Declarants']
Hazardous Goods Shipment,1,Hazardous Goods Shipment,[]
LNG Bunker Operation,1,LNG Bunker Operation,['Bunkering Operation']
Foreign Vessels,1,Foreign Vessels,[]
Bunkering Operation,1,Bunkering Operation,"['Bunker Operator', 'Berthing Operations', 'LNG Bunker Operation']"
LNG Bunker Supplier,1,LNG Bunker Supplier,['Bunker Supplier']
Bunker Ship,1,Bunker Ship,[]
Bunker Supplier,1,Bunker Supplier,['LNG Bunker Supplier']
Reporting Line,1,Reporting Line,[]
AIS-Equipped Vessels,1,AIS-Equipped Vessels,[]
Vessels Crossing Main Fairway,1,Vessels Crossing Main Fairway,['Vessels Crossing Jinshan Fairway']
BMEL (Federal Ministry of Food and Agriculture),1,BMEL (Federal Ministry of Food and Agriculture),[]
BAFA (Federal Office for Economic Affairs and Export Control),1,BAFA (Federal Office for Economic Affairs and Export Control),[]
Logistics Professional,1,Logistics Professional,['Logistics Professionals']
Shipper/Agent,1,Shipper/Agent,[]
Master of Vessel from Foreign Port,1,Master of Vessel from Foreign Port,[]
All Parties in Transport Chain,1,All Parties in Transport Chain,[]
Shipping Agent/Terminal,1,Shipping Agent/Terminal,[]
Port of Hamburg,1,Port of Hamburg,[]
"Customers, Potentially Smaller Companies",1,"Customers, Potentially Smaller Companies",[]
"Truck Drivers, Smaller Haulage Companies",1,"Truck Drivers, Smaller Haulage Companies",[]
Vessels Crossing Jinshan Fairway,1,Vessels Crossing Jinshan Fairway,['Vessels Crossing Main Fairway']
Customers of EUROGATE,1,Customers of EUROGATE,[]
Clients of HHLA,1,Clients of HHLA,[]
Vessel Position Reports,1,Vessel Position Reports,[]
Haulage Company Collecting T1 Goods,1,Haulage Company Collecting T1 Goods,[]
Vessels East of Huangzeyang Light-vessel,1,Vessels East of Huangzeyang Light-vessel,[]
Truck Driver Arriving Late,1,Truck Driver Arriving Late,[]
Hazardous Goods Declaration,1,Hazardous Goods Declaration,[]
Hazardous Goods Storage Facility,1,Hazardous Goods Storage Facility,[]
Front Quay Transit Warehouse,1,Front Quay Transit Warehouse,[]
Fumigation Company,1,Fumigation Company,[]
Larger Vessels,1,Larger Vessels,[]
Domestic Maritime Transportation,1,Domestic Maritime Transportation,[]
Port of Antwerp-Bruges,1,Port of Antwerp-Bruges,[]
Container Vessels,1,Container Vessels,['Certain Vessels']
Container Terminal Facilities,1,Container Terminal Facilities,[]
Port Area Companies (Specific Types),1,Port Area Companies (Specific Types),[]
Port Users (Witnessing/Causing Oil Spill),1,Port Users (Witnessing/Causing Oil Spill),[]
Tankers & Tank Barges (Hazardous/Polluting Goods),1,Tankers & Tank Barges (Hazardous/Polluting Goods),[]
Port Users & Port Authority (General Benefit of APICS),1,Port Users & Port Authority (General Benefit of APICS),[]
Declarants (Hazardous Goods),1,Declarants (Hazardous Goods),['Declarant (Hazardous Goods)']
Bunker Companies & Harbour Master's Office,1,Bunker Companies & Harbour Master's Office,[]
Vessel Agent,1,Vessel Agent,['Vessel/Agent']
Port Users (General),1,Port Users (General),[]
Container Logistics Regulation,1,Container Logistics Regulation,[]
Maritime Code,1,Maritime Code,[]
Importer of Containerized Cargo,1,Importer of Containerized Cargo,[]
General Goods (Non-Hazardous) in Transit Warehouse (Non-Front Quay),1,General Goods (Non-Hazardous) in Transit Warehouse (Non-Front Quay),[]
Packaged Hazardous Goods in Front Quay Transit Warehouse,1,Packaged Hazardous Goods in Front Quay Transit Warehouse,[]
Seagoing Vessel (including Large Container Vessels),1,Seagoing Vessel (including Large Container Vessels),[]
Declarant (Hazardous Goods),1,Declarant (Hazardous Goods),['Declarants (Hazardous Goods)']
APICS System,1,APICS System,[]
Yangshan Port Special Status,1,Yangshan Port Special Status,[]
China's Shipping Regulation Approach,1,China's Shipping Regulation Approach,[]
Pontoon,1,Pontoon,[]
Tug Request,1,Tug Request,[]
Land-Based Fumigation,1,Land-Based Fumigation,['Ship-Based Fumigation']
Ship-Based Fumigation,1,Ship-Based Fumigation,['Land-Based Fumigation']
Port Users (Violating Category 1 & 2 Violations),1,Port Users (Violating Category 1 & 2 Violations),[]
